compressor,file,orig_bytes,comp_bytes,ratio,bpp,compress_ms,decompress_ms,lossless
gzip-1,A,4500000,3341579,0.742573,5.940585,81.545,36.855,true
gzip-1,B,4500000,2482372,0.551638,4.413106,62.398,30.159,true
gzip-1,C,4500000,1856068,0.412460,3.299676,45.016,26.838,true
gzip-1,D,4500000,2143546,0.476344,3.810748,54.766,29.186,true
gzip-1,E,4500000,1942593,0.431687,3.453499,46.895,26.543,true
gzip-1,F,4500000,3974778,0.883284,7.066272,116.373,32.955,true
gzip-1,G,4500000,1840382,0.408974,3.271790,46.491,26.460,true
gzip-1,H,4500000,2596467,0.576993,4.615941,72.470,32.433,true
gzip-6,A,4500000,3346901,0.743756,5.950046,186.107,32.948,true
gzip-6,B,4500000,2404566,0.534348,4.274784,354.767,27.628,true
gzip-6,C,4500000,1811304,0.402512,3.220096,355.242,25.366,true
gzip-6,D,4500000,2056374,0.456972,3.655776,381.815,26.917,true
gzip-6,E,4500000,1921418,0.426982,3.415854,342.751,25.869,true
gzip-6,F,4500000,3945453,0.876767,7.014139,128.647,29.292,true
gzip-6,G,4500000,1781890,0.395976,3.167804,366.134,25.832,true
gzip-6,H,4500000,2422578,0.538351,4.306805,431.233,28.420,true
gzip-9,A,4500000,3346900,0.743756,5.950044,185.280,33.201,true
gzip-9,B,4500000,2384977,0.529995,4.239959,536.744,27.542,true
gzip-9,C,4500000,1755071,0.390016,3.120126,1235.032,23.371,true
gzip-9,D,4500000,2004678,0.445484,3.563872,1106.172,26.023,true
gzip-9,E,4500000,1863477,0.414106,3.312848,1128.962,24.349,true
gzip-9,F,4500000,3945453,0.876767,7.014139,129.485,29.020,true
gzip-9,G,4500000,1730752,0.384612,3.076892,1290.255,24.282,true
gzip-9,H,4500000,2416193,0.536932,4.295454,517.692,29.113,true
bzip2-1,A,4500000,2682358,0.596080,4.768636,305.082,134.996,true
bzip2-1,B,4500000,1940859,0.431302,3.450416,233.041,114.988,true
bzip2-1,C,4500000,1458203,0.324045,2.592361,223.103,118.982,true
bzip2-1,D,4500000,1641255,0.364723,2.917787,232.044,110.078,true
bzip2-1,E,4500000,1529579,0.339906,2.719252,221.746,103.623,true
bzip2-1,F,4500000,3707481,0.823885,6.591077,288.239,171.542,true
bzip2-1,G,4500000,1423263,0.316281,2.530245,219.263,115.193,true
bzip2-1,H,4500000,1938081,0.430685,3.445477,253.723,113.902,true
bzip2-9,A,4500000,2601297,0.578066,4.624528,298.048,166.346,true
bzip2-9,B,4500000,1912079,0.424906,3.399252,241.644,144.354,true
bzip2-9,C,4500000,1454312,0.323180,2.585444,250.161,136.233,true
bzip2-9,D,4500000,1627099,0.361578,2.892620,243.864,138.687,true
bzip2-9,E,4500000,1524212,0.338714,2.709710,244.445,148.148,true
bzip2-9,F,4500000,3637905,0.808423,6.467387,323.499,204.025,true
bzip2-9,G,4500000,1430023,0.317783,2.542263,258.595,134.044,true
bzip2-9,H,4500000,1919246,0.426499,3.411993,282.186,160.058,true
xz-1,A,4500000,2919100,0.648689,5.189511,628.955,137.935,true
xz-1,B,4500000,2088552,0.464123,3.712981,445.076,91.157,true
xz-1,C,4500000,1602300,0.356067,2.848533,273.891,78.618,true
xz-1,D,4500000,1825096,0.405577,3.244615,348.244,86.580,true
xz-1,E,4500000,1680640,0.373476,2.987804,293.441,80.515,true
xz-1,F,4500000,3813244,0.847388,6.779100,672.592,176.275,true
xz-1,G,4500000,1588064,0.352903,2.823225,275.969,77.022,true
xz-1,H,4500000,2106752,0.468167,3.745337,462.962,92.873,true
xz-6,A,4500000,2773688,0.616375,4.931001,1322.212,139.798,true
xz-6,B,4500000,1995452,0.443434,3.547470,1707.575,97.509,true
xz-6,C,4500000,1466632,0.325918,2.607346,1718.038,70.262,true
xz-6,D,4500000,1664964,0.369992,2.959936,1802.569,74.528,true
xz-6,E,4500000,1551196,0.344710,2.757682,1657.033,71.847,true
xz-6,F,4500000,3689288,0.819842,6.558734,1022.129,176.574,true
xz-6,G,4500000,1439760,0.319947,2.559573,1394.124,73.796,true
xz-6,H,4500000,2000644,0.444588,3.556700,1674.040,99.172,true
xz-9,A,4500000,2773688,0.616375,4.931001,1280.529,138.842,true
xz-9,B,4500000,1995452,0.443434,3.547470,1693.795,94.872,true
xz-9,C,4500000,1466632,0.325918,2.607346,1749.094,70.607,true
xz-9,D,4500000,1664964,0.369992,2.959936,2062.210,75.123,true
xz-9,E,4500000,1551196,0.344710,2.757682,1919.155,81.404,true
xz-9,F,4500000,3689288,0.819842,6.558734,1125.737,200.420,true
xz-9,G,4500000,1439760,0.319947,2.559573,1737.921,82.262,true
xz-9,H,4500000,2000644,0.444588,3.556700,1730.204,99.613,true
zstd-1,A,4500000,3351139,0.744698,5.957580,14.880,6.807,true
zstd-1,B,4500000,2511038,0.558008,4.464068,18.313,5.688,true
zstd-1,C,4500000,1840392,0.408976,3.271808,23.091,7.446,true
zstd-1,D,4500000,2126494,0.472554,3.780434,21.022,6.868,true
zstd-1,E,4500000,1940344,0.431188,3.449500,21.281,7.422,true
zstd-1,F,4500000,3935104,0.874468,6.995740,14.672,6.983,true
zstd-1,G,4500000,1837601,0.408356,3.266846,22.165,7.131,true
zstd-1,H,4500000,2651150,0.589144,4.713156,19.029,5.710,true
zstd-3,A,4500000,3320004,0.737779,5.902229,39.461,8.707,true
zstd-3,B,4500000,2307257,0.512724,4.101790,41.271,10.891,true
zstd-3,C,4500000,1782397,0.396088,3.168706,36.328,10.412,true
zstd-3,D,4500000,2076292,0.461398,3.691186,42.506,10.457,true
zstd-3,E,4500000,1890529,0.420118,3.360940,35.647,9.967,true
zstd-3,F,4500000,3935100,0.874467,6.995733,15.969,7.904,true
zstd-3,G,4500000,1768110,0.392913,3.143307,33.606,9.355,true
zstd-3,H,4500000,2379138,0.528697,4.229579,44.338,10.582,true
zstd-9,A,4500000,3099909,0.688869,5.510949,115.308,11.356,true
zstd-9,B,4500000,2288074,0.508461,4.067687,145.384,11.449,true
zstd-9,C,4500000,1724691,0.383265,3.066117,130.236,10.964,true
zstd-9,D,4500000,1942706,0.431712,3.453700,155.547,12.211,true
zstd-9,E,4500000,1812897,0.402866,3.222928,137.347,10.980,true
zstd-9,F,4500000,3935100,0.874467,6.995733,24.309,8.989,true
zstd-9,G,4500000,1701931,0.378207,3.025655,139.131,12.366,true
zstd-9,H,4500000,2313249,0.514055,4.112443,145.740,11.899,true
zstd-19,A,4500000,3267001,0.726000,5.808002,1159.057,9.382,true
zstd-19,B,4500000,2366511,0.525891,4.207131,1498.724,9.221,true
zstd-19,C,4500000,1538488,0.341886,2.735090,1841.250,9.203,true
zstd-19,D,4500000,1978737,0.439719,3.517755,1806.597,10.452,true
zstd-19,E,4500000,1731923,0.384872,3.078974,1731.435,9.969,true
zstd-19,F,4500000,3937387,0.874975,6.999799,790.094,9.256,true
zstd-19,G,4500000,1523079,0.338462,2.707696,1572.705,10.092,true
zstd-19,H,4500000,2359229,0.524273,4.194185,1840.628,10.120,true
rais,A,4500000,2540397,0.564533,4.516261,78.520,74.600,true
rais,B,4500000,1901871,0.422638,3.381104,73.435,70.614,true
rais,C,4500000,1510625,0.335694,2.685556,82.321,72.146,true
rais,D,4500000,1662361,0.369414,2.955308,88.149,73.587,true
rais,E,4500000,1583042,0.351787,2.814297,89.236,70.617,true
rais,F,4500000,3555513,0.790114,6.320912,81.223,74.029,true
rais,G,4500000,1498977,0.333106,2.664848,87.184,79.528,true
rais,H,4500000,1963834,0.436408,3.491260,71.899,71.454,true
astra,A,4500000,3313532,0.736340,5.890724,82.068,69.238,true
astra,B,4500000,1936734,0.430385,3.443083,79.138,67.917,true
astra,C,4500000,1378339,0.306298,2.450380,75.231,63.465,true
astra,D,4500000,1647769,0.366171,2.929367,74.994,64.779,true
astra,E,4500000,1453374,0.322972,2.583776,75.717,64.134,true
astra,F,4500000,3614156,0.803146,6.425166,83.811,66.251,true
astra,G,4500000,1803709,0.400824,3.206594,73.368,61.142,true
astra,H,4500000,1961427,0.435873,3.486981,78.332,63.549,true
